"Nom","Type 1","Type 2","Total","HP","Attaque","Défense","Attaque spéciale","Défense spéciale","Vitesse","Generation","Légendaire"
"Bulbizarre","Plante","Poison",318,45,49,49,65,65,45,1,"False"
"Herbizarre","Plante","Poison",405,60,62,63,80,80,60,1,"False"
"Florizarre","Plante","Poison",525,80,82,83,100,100,80,1,"False"
"Méga-Florizarre","Plante","Poison",625,80,100,123,122,120,80,1,"False"
"Salamèche","Feu",,309,39,52,43,60,50,65,1,"False"
"Reptincel","Feu",,405,58,64,58,80,65,80,1,"False"
"Dracaufeu","Feu","Vol",534,78,84,78,109,85,100,1,"False"
"Méga-Dracaufeu X","Feu","Dragon",634,78,130,111,130,85,100,1,"False"
"Méga-Dracaufeu Y","Feu","Vol",634,78,104,78,159,115,100,1,"False"
"Carapuce","Eau",,314,44,48,65,50,64,43,1,"False"
"Carabaffe","Eau",,405,59,63,80,65,80,58,1,"False"
"Tortank","Eau",,530,79,83,100,85,105,78,1,"False"
"Méga-Tortank","Eau",,630,79,103,120,135,115,78,1,"False"
"Chenipan","Insecte",,195,45,30,35,20,20,45,1,"False"
"Chrysacier","Insecte",,205,50,20,55,25,25,30,1,"False"
"Papilusion","Insecte","Vol",395,60,45,50,90,80,70,1,"False"
"Aspicot","Insecte","Poison",195,40,35,30,20,20,50,1,"False"
"Coconfort","Insecte","Poison",205,45,25,50,25,25,35,1,"False"
"Dardargnan","Insecte","Poison",395,65,90,40,45,80,75,1,"False"
"Méga-Dardargnan","Insecte","Poison",495,65,150,40,15,80,145,1,"False"
"Roucool","Normal","Vol",251,40,45,40,35,35,56,1,"False"
"Roucoups","Normal","Vol",349,63,60,55,50,50,71,1,"False"
"Roucarnage","Normal","Vol",479,83,80,75,70,70,101,1,"False"
"Méga-Roucarnage","Normal","Vol",579,83,80,80,135,80,121,1,"False"
"Rattata","Normal",,253,30,56,35,25,35,72,1,"False"
"Rattatac","Normal",,413,55,81,60,50,70,97,1,"False"
"Piafabec","Normal","Vol",262,40,60,30,31,31,70,1,"False"
"Rapasdepic","Normal","Vol",442,65,90,65,61,61,100,1,"False"
"Abo","Poison",,288,35,60,44,40,54,55,1,"False"
"Arbok","Poison",,438,60,85,69,65,79,80,1,"False"
"Pikachu","Electrik",,320,35,55,40,50,50,90,1,"False"
"Raichu","Electrik",,485,60,90,55,90,80,110,1,"False"
"Sabelette","Sol",,300,50,75,85,20,30,40,1,"False"
"Sablaireau","Sol",,450,75,100,110,45,55,65,1,"False"
"Nidoran♀","Poison",,275,55,47,52,40,40,41,1,"False"
"Nidorina","Poison",,365,70,62,67,55,55,56,1,"False"
"Nidoqueen","Poison","Sol",505,90,92,87,75,85,76,1,"False"
"Nidoran♂","Poison",,273,46,57,40,40,40,50,1,"False"
"Nidorino","Poison",,365,61,72,57,55,55,65,1,"False"
"Nidoking","Poison","Sol",505,81,102,77,85,75,85,1,"False"
"Mélofée","Fée",,323,70,45,48,60,65,35,1,"False"
"Mélodelfe","Fée",,483,95,70,73,95,90,60,1,"False"
"Goupix","Feu",,299,38,41,40,50,65,65,1,"False"
"Feunard","Feu",,505,73,76,75,81,100,100,1,"False"
"Rondoudou","Normal","Fée",270,115,45,20,45,25,20,1,"False"
"Grodoudou","Normal","Fée",435,140,70,45,85,50,45,1,"False"
"Nosferapti","Poison","Vol",245,40,45,35,30,40,55,1,"False"
"Nosferalto","Poison","Vol",455,75,80,70,65,75,90,1,"False"
"Mystherbe","Plante","Poison",320,45,50,55,75,65,30,1,"False"
"Ortide","Plante","Poison",395,60,65,70,85,75,40,1,"False"
"Rafflesia","Plante","Poison",490,75,80,85,110,90,50,1,"False"
"Paras","Insecte","Plante",285,35,70,55,45,55,25,1,"False"
"Parasect","Insecte","Plante",405,60,95,80,60,80,30,1,"False"
"Mimitoss","Insecte","Poison",305,60,55,50,40,55,45,1,"False"
"Aéromite","Insecte","Poison",450,70,65,60,90,75,90,1,"False"
"Taupiqueur","Sol",,265,10,55,25,35,45,95,1,"False"
"Triopikeur","Sol",,405,35,80,50,50,70,120,1,"False"
"Miaouss","Normal",,290,40,45,35,40,40,90,1,"False"
"Persian","Normal",,440,65,70,60,65,65,115,1,"False"
"Psykokwak","Eau",,320,50,52,48,65,50,55,1,"False"
"Akwakwak","Eau",,500,80,82,78,95,80,85,1,"False"
"Férosinge","Combat",,305,40,80,35,35,45,70,1,"False"
"Colossinge","Combat",,455,65,105,60,60,70,95,1,"False"
"Caninos","Feu",,350,55,70,45,70,50,60,1,"False"
"Arcanin","Feu",,555,90,110,80,100,80,95,1,"False"
"Ptitard","Eau",,300,40,50,40,40,40,90,1,"False"
"Têtarte","Eau",,385,65,65,65,50,50,90,1,"False"
"Tartard","Eau","Combat",510,90,95,95,70,90,70,1,"False"
"Abra","Psy",,310,25,20,15,105,55,90,1,"False"
"Kadabra","Psy",,400,40,35,30,120,70,105,1,"False"
"Alakazam","Psy",,500,55,50,45,135,95,120,1,"False"
"Méga-Alakazam","Psy",,590,55,50,65,175,95,150,1,"False"
"Machoc","Combat",,305,70,80,50,35,35,35,1,"False"
"Machopeur","Combat",,405,80,100,70,50,60,45,1,"False"
"Mackogneur","Combat",,505,90,130,80,65,85,55,1,"False"
"Chétiflor","Plante","Poison",300,50,75,35,70,30,40,1,"False"
"Boustiflor","Plante","Poison",390,65,90,50,85,45,55,1,"False"
"Empiflor","Plante","Poison",490,80,105,65,100,70,70,1,"False"
"Tentacool","Eau","Poison",335,40,40,35,50,100,70,1,"False"
"Tentacruel","Eau","Poison",515,80,70,65,80,120,100,1,"False"
"Racaillou","Roche","Sol",300,40,80,100,30,30,20,1,"False"
"Gravalanch","Roche","Sol",390,55,95,115,45,45,35,1,"False"
"Grolem","Roche","Sol",495,80,120,130,55,65,45,1,"False"
"Ponyta","Feu",,410,50,85,55,65,65,90,1,"False"
"Galopa","Feu",,500,65,100,70,80,80,105,1,"False"
"Ramoloss","Eau","Psy",315,90,65,65,40,40,15,1,"False"
"Flagadoss","Eau","Psy",490,95,75,110,100,80,30,1,"False"
"Méga-Flagadoss","Eau","Psy",590,95,75,180,130,80,30,1,"False"
"Magnéti","Electrik","Acier",325,25,35,70,95,55,45,1,"False"
"Magnéton","Electrik","Acier",465,50,60,95,120,70,70,1,"False"
"Canarticho","Normal","Vol",352,52,65,55,58,62,60,1,"False"
"Doduo","Normal","Vol",310,35,85,45,35,35,75,1,"False"
"Dodrio","Normal","Vol",460,60,110,70,60,60,100,1,"False"
"Otaria","Eau",,325,65,45,55,45,70,45,1,"False"
"Lamantine","Eau","Glace",475,90,70,80,70,95,70,1,"False"
"Tadmorv","Poison",,325,80,80,50,40,50,25,1,"False"
"Grotadmorv","Poison",,500,105,105,75,65,100,50,1,"False"
"Kokiyas","Eau",,305,30,65,100,45,25,40,1,"False"
"Crustabri","Eau","Glace",525,50,95,180,85,45,70,1,"False"
"Fantominus","Spectre","Poison",310,30,35,30,100,35,80,1,"False"
"Spectrum","Spectre","Poison",405,45,50,45,115,55,95,1,"False"
"Ectoplasma","Spectre","Poison",500,60,65,60,130,75,110,1,"False"
"Méga-Ectoplasma","Spectre","Poison",600,60,65,80,170,95,130,1,"False"
"Onix","Roche","Sol",385,35,45,160,30,45,70,1,"False"
"Soporifik","Psy",,328,60,48,45,43,90,42,1,"False"
"Hypnomade","Psy",,483,85,73,70,73,115,67,1,"False"
"Krabby","Eau",,325,30,105,90,25,25,50,1,"False"
"Krabboss","Eau",,475,55,130,115,50,50,75,1,"False"
"Voltorbe","Electrik",,330,40,30,50,55,55,100,1,"False"
"Électrode","Electrik",,480,60,50,70,80,80,140,1,"False"
"Noeunoeuf","Plante","Psy",325,60,40,80,60,45,40,1,"False"
"Noadkoko","Plante","Psy",520,95,95,85,125,65,55,1,"False"
"Osselait","Sol",,320,50,50,95,40,50,35,1,"False"
"Ossatueur","Sol",,425,60,80,110,50,80,45,1,"False"
"Kicklee","Combat",,455,50,120,53,35,110,87,1,"False"
"Tygnon","Combat",,455,50,105,79,35,110,76,1,"False"
"Excelangue","Normal",,385,90,55,75,60,75,30,1,"False"
"Smogo","Poison",,340,40,65,95,60,45,35,1,"False"
"Smogogo","Poison",,490,65,90,120,85,70,60,1,"False"
"Rhinocorne","Sol","Roche",345,80,85,95,30,30,25,1,"False"
"Rhinoféros","Sol","Roche",485,105,130,120,45,45,40,1,"False"
"Leveinard","Normal",,450,250,5,5,35,105,50,1,"False"
"Saquedeneu","Plante",,435,65,55,115,100,40,60,1,"False"
"Kangourex","Normal",,490,105,95,80,40,80,90,1,"False"
"Méga-Kangourex","Normal",,590,105,125,100,60,100,100,1,"False"
"Hypotrempe","Eau",,295,30,40,70,70,25,60,1,"False"
"Hypocéan","Eau",,440,55,65,95,95,45,85,1,"False"
"Poissirène","Eau",,320,45,67,60,35,50,63,1,"False"
"Poissoroy","Eau",,450,80,92,65,65,80,68,1,"False"
"Stari","Eau",,340,30,45,55,70,55,85,1,"False"
"Staross","Eau","Psy",520,60,75,85,100,85,115,1,"False"
"M. Mime","Psy","Fée",460,40,45,65,100,120,90,1,"False"
"Insécateur","Insecte","Vol",500,70,110,80,55,80,105,1,"False"
"Lippoutou","Glace","Psy",455,65,50,35,115,95,95,1,"False"
"Élektek","Electrik",,490,65,83,57,95,85,105,1,"False"
"Magmar","Feu",,495,65,95,57,100,85,93,1,"False"
"Scarabrute","Insecte",,500,65,125,100,55,70,85,1,"False"
"Méga-Scarabrute","Insecte","Vol",600,65,155,120,65,90,105,1,"False"
"Tauros","Normal",,490,75,100,95,40,70,110,1,"False"
"Magicarpe","Eau",,200,20,10,55,15,20,80,1,"False"
"Léviator","Eau","Vol",540,95,125,79,60,100,81,1,"False"
"Méga-Léviator","Eau","Ténèbres",640,95,155,109,70,130,81,1,"False"
"Lokhlass","Eau","Glace",535,130,85,80,85,95,60,1,"False"
"Métamorph","Normal",,288,48,48,48,48,48,48,1,"False"
"Évoli","Normal",,325,55,55,50,45,65,55,1,"False"
"Aquali","Eau",,525,130,65,60,110,95,65,1,"False"
"Voltali","Electrik",,525,65,65,60,110,95,130,1,"False"
"Pyroli","Feu",,525,65,130,60,95,110,65,1,"False"
"Porygon","Normal",,395,65,60,70,85,75,40,1,"False"
"Amonita","Roche","Eau",355,35,40,100,90,55,35,1,"False"
"Amonistar","Roche","Eau",495,70,60,125,115,70,55,1,"False"
"Kabuto","Roche","Eau",355,30,80,90,55,45,55,1,"False"
"Kabutops","Roche","Eau",495,60,115,105,65,70,80,1,"False"
"Ptéra","Roche","Vol",515,80,105,65,60,75,130,1,"False"
"Méga-Ptéra","Roche","Vol",615,80,135,85,70,95,150,1,"False"
"Ronflex","Normal",,540,160,110,65,65,110,30,1,"False"
"Artikodin","Glace","Vol",580,90,85,100,95,125,85,1,"True"
"Électhor","Electrik","Vol",580,90,90,85,125,90,100,1,"True"
"Sulfura","Feu","Vol",580,90,100,90,125,85,90,1,"True"
"Minidraco","Dragon",,300,41,64,45,50,50,50,1,"False"
"Draco","Dragon",,420,61,84,65,70,70,70,1,"False"
"Dracolosse","Dragon","Vol",600,91,134,95,100,100,80,1,"False"
"Mewtwo","Psy",,680,106,110,90,154,90,130,1,"True"
"Méga-Mewtwo X","Psy","Combat",780,106,190,100,154,100,130,1,"True"
"Méga-Mewtwo Y","Psy",,780,106,150,70,194,120,140,1,"True"
"Mew","Psy",,600,100,100,100,100,100,100,1,"False"
"Germignon","Plante",,318,45,49,65,49,65,45,2,"False"
"Macronium","Plante",,405,60,62,80,63,80,60,2,"False"
"Méganium","Plante",,525,80,82,100,83,100,80,2,"False"
"HérGlacendre","Feu",,309,39,52,43,60,50,65,2,"False"
"Feurisson","Feu",,405,58,64,58,80,65,80,2,"False"
"Typhlosion","Feu",,534,78,84,78,109,85,100,2,"False"
"Kaiminus","Eau",,314,50,65,64,44,48,43,2,"False"
"Crocrodil","Eau",,405,65,80,80,59,63,58,2,"False"
"Aligatueur","Eau",,530,85,105,100,79,83,78,2,"False"
"Fouinette","Normal",,215,35,46,34,35,45,20,2,"False"
"Fouinar","Normal",,415,85,76,64,45,55,90,2,"False"
"Hoothoot","Normal","Vol",262,60,30,30,36,56,50,2,"False"
"Noarfang","Normal","Vol",442,100,50,50,76,96,70,2,"False"
"Coxy","Insecte","Vol",265,40,20,30,40,80,55,2,"False"
"Coxyclaque","Insecte","Vol",390,55,35,50,55,110,85,2,"False"
"Mimigal","Insecte","Poison",250,40,60,40,40,40,30,2,"False"
"Migalos","Insecte","Poison",390,70,90,70,60,60,40,2,"False"
"Nostenfer","Poison","Vol",535,85,90,80,70,80,130,2,"False"
"Loupio","Eau","Electrik",330,75,38,38,56,56,67,2,"False"
"Lanturn","Eau","Electrik",460,125,58,58,76,76,67,2,"False"
"Pichu","Electrik",,205,20,40,15,35,35,60,2,"False"
"Mélo","Fée",,218,50,25,28,45,55,15,2,"False"
"Toudoudou","Normal","Fée",210,90,30,15,40,20,15,2,"False"
"Togepi","Fée",,245,35,20,65,40,65,20,2,"False"
"Togetic","Fée","Vol",405,55,40,85,80,105,40,2,"False"
"Natu","Psy","Vol",320,40,50,45,70,45,70,2,"False"
"Xatu","Psy","Vol",470,65,75,70,95,70,95,2,"False"
"Wattouat","Electrik",,280,55,40,40,65,45,35,2,"False"
"Lainergie","Electrik",,365,70,55,55,80,60,45,2,"False"
"Pharamp","Electrik",,510,90,75,85,115,90,55,2,"False"
"Méga-Pharamp","Electrik","Dragon",610,90,95,105,165,110,45,2,"False"
"Joliflor","Plante",,490,75,80,95,90,100,50,2,"False"
"Marill","Eau","Fée",250,70,20,50,20,50,40,2,"False"
"Azumarill","Eau","Fée",420,100,50,80,60,80,50,2,"False"
"Simularbre","Roche",,410,70,100,115,30,65,30,2,"False"
"Tarpaud","Eau",,500,90,75,75,90,100,70,2,"False"
"Granivol","Plante","Vol",250,35,35,40,35,55,50,2,"False"
"Floravol","Plante","Vol",340,55,45,50,45,65,80,2,"False"
"Cotovol","Plante","Vol",460,75,55,70,55,95,110,2,"False"
"Capumain","Normal",,360,55,70,55,40,55,85,2,"False"
"Tournegrin","Plante",,180,30,30,30,30,30,30,2,"False"
"Héliatronc","Plante",,425,75,75,55,105,85,30,2,"False"
"Yanma","Insecte","Vol",390,65,65,45,75,45,95,2,"False"
"Axoloto","Eau","Sol",210,55,45,45,25,25,15,2,"False"
"Maraiste","Eau","Sol",430,95,85,85,65,65,35,2,"False"
"Mentali","Psy",,525,65,65,60,130,95,110,2,"False"
"Noctali","Ténèbres",,525,95,65,110,60,130,65,2,"False"
"Cornèbre","Ténèbres","Vol",405,60,85,42,85,42,91,2,"False"
"Roigada","Eau","Psy",490,95,75,80,100,110,30,2,"False"
"Feuforêve","Spectre",,435,60,60,60,85,85,85,2,"False"
"Zarbi","Psy",,336,48,72,48,72,48,48,2,"False"
"Qulbutoké","Psy",,405,190,33,58,33,58,33,2,"False"
"Girafarig","Normal","Psy",455,70,80,65,90,65,85,2,"False"
"Pomdepik","Insecte",,290,50,65,90,35,35,15,2,"False"
"Foretress","Insecte","Acier",465,75,90,140,60,60,40,2,"False"
"Insolourdo","Normal",,415,100,70,70,65,65,45,2,"False"
"Scorplane","Sol","Vol",430,65,75,105,35,65,85,2,"False"
"Steelix","Acier","Sol",510,75,85,200,55,65,30,2,"False"
"Méga-Acierix","Acier","Sol",610,75,125,230,55,95,30,2,"False"
"Snubbull","Fée",,300,60,80,50,40,40,30,2,"False"
"Granbull","Fée",,450,90,120,75,60,60,45,2,"False"
"Qwilfish","Eau","Poison",430,65,95,75,55,55,85,2,"False"
"Cizayox","Insecte","Acier",500,70,130,100,55,80,65,2,"False"
"Méga-Cizayox","Insecte","Acier",600,70,150,140,65,100,75,2,"False"
"Caratroc","Insecte","Roche",505,20,10,230,10,230,5,2,"False"
"Scarhino","Insecte","Combat",500,80,125,75,40,95,85,2,"False"
"Méga-Scarhino","Insecte","Combat",600,80,185,115,40,105,75,2,"False"
"Farfuret","Ténèbres","Glace",430,55,95,55,35,75,115,2,"False"
"Teddiursa","Normal",,330,60,80,50,50,50,40,2,"False"
"Ursaring","Normal",,500,90,130,75,75,75,55,2,"False"
"Limagma","Feu",,250,40,40,40,70,40,20,2,"False"
"Volcaropod","Feu","Roche",410,50,50,120,80,80,30,2,"False"
"Marcacrin","Glace","Sol",250,50,50,40,30,30,50,2,"False"
"Cochignon","Glace","Sol",450,100,100,80,60,60,50,2,"False"
"Corayon","Eau","Roche",380,55,55,85,65,85,35,2,"False"
"Rémoraid","Eau",,300,35,65,35,65,35,65,2,"False"
"Octillery","Eau",,480,75,105,75,105,75,45,2,"False"
"Cadoizo","Glace","Vol",330,45,55,45,65,45,75,2,"False"
"Démanta","Eau","Vol",465,65,40,70,80,140,70,2,"False"
"Airmure","Acier","Vol",465,65,80,140,40,70,70,2,"False"
"Malosse","Ténèbres","Feu",330,45,60,30,80,50,65,2,"False"
"Démolosse","Ténèbres","Feu",500,75,90,50,110,80,95,2,"False"
"Méga-Démolosse","Ténèbres","Feu",600,75,90,90,140,90,115,2,"False"
"Hyporoi","Eau","Dragon",540,75,95,95,95,95,85,2,"False"
"Phanpy","Sol",,330,90,60,60,40,40,40,2,"False"
"Donphan","Sol",,500,90,120,120,60,60,50,2,"False"
"Porygon2","Normal",,515,85,80,90,105,95,60,2,"False"
"Cerfrousse","Normal",,465,73,95,62,85,65,85,2,"False"
"Queulorior","Normal",,250,55,20,35,20,45,75,2,"False"
"DeInsecteant","Combat",,210,35,35,35,35,35,35,2,"False"
"Kapoera","Combat",,455,50,95,95,35,110,70,2,"False"
"Lippouti","Glace","Psy",305,45,30,15,85,65,65,2,"False"
"Élekid","Electrik",,360,45,63,37,65,55,95,2,"False"
"Magby","Feu",,365,45,75,37,70,55,83,2,"False"
"Écrémeuh","Normal",,490,95,80,105,40,70,100,2,"False"
"Leuphorie","Normal",,540,255,10,10,75,135,55,2,"False"
"Raikou","Electrik",,580,90,85,75,115,100,115,2,"True"
"Entei","Feu",,580,115,115,85,90,75,100,2,"True"
"Suicune","Eau",,580,100,75,115,90,115,85,2,"True"
"Embrylex","Roche","Sol",300,50,64,50,45,50,41,2,"False"
"Ymphect","Roche","Sol",410,70,84,70,65,70,51,2,"False"
"Tyranocif","Roche","Ténèbres",600,100,134,110,95,100,61,2,"False"
"Méga-Tyranocif","Roche","Ténèbres",700,100,164,150,95,120,71,2,"False"
"Lugia","Psy","Vol",680,106,90,130,90,154,110,2,"True"
"Ho-Oh","Feu","Vol",680,106,130,90,110,154,90,2,"True"
"Celebi","Psy","Plante",600,100,100,100,100,100,100,2,"False"
"Arcko","Plante",,310,40,45,35,65,55,70,3,"False"
"Massko","Plante",,405,50,65,45,85,65,95,3,"False"
"Jungko","Plante",,530,70,85,65,105,85,120,3,"False"
"Méga-Jungko","Plante","Dragon",630,70,110,75,145,85,145,3,"False"
"Poussifeu","Feu",,310,45,60,40,70,50,45,3,"False"
"Galifeu","Feu","Combat",405,60,85,60,85,60,55,3,"False"
"Braségali","Feu","Combat",530,80,120,70,110,70,80,3,"False"
"Méga-Braségali","Feu","Combat",630,80,160,80,130,80,100,3,"False"
"Gobou","Eau",,310,50,70,50,50,50,40,3,"False"
"Flobio","Eau","Sol",405,70,85,70,60,70,50,3,"False"
"Laggron","Eau","Sol",535,100,110,90,85,90,60,3,"False"
"Méga-Laggron","Eau","Sol",635,100,150,110,95,110,70,3,"False"
"Medhyèna","Ténèbres",,220,35,55,35,30,30,35,3,"False"
"Grahyèna","Ténèbres",,420,70,90,70,60,60,70,3,"False"
"Zigzaton","Normal",,240,38,30,41,30,41,60,3,"False"
"Linéon","Normal",,420,78,70,61,50,61,100,3,"False"
"Chenipotte","Insecte",,195,45,45,35,20,30,20,3,"False"
"Armulys","Insecte",,205,50,35,55,25,25,15,3,"False"
"Charmillon","Insecte","Vol",395,60,70,50,100,50,65,3,"False"
"Blindalys","Insecte",,205,50,35,55,25,25,15,3,"False"
"Papinox","Insecte","Poison",385,60,50,70,50,90,65,3,"False"
"Nénupiot","Eau","Plante",220,40,30,30,40,50,30,3,"False"
"Lombre","Eau","Plante",340,60,50,50,60,70,50,3,"False"
"Ludicolo","Eau","Plante",480,80,70,70,90,100,70,3,"False"
"Grainipiot","Plante",,220,40,40,50,30,30,30,3,"False"
"Pifeuil","Plante","Ténèbres",340,70,70,40,60,40,60,3,"False"
"TengalGlace","Plante","Ténèbres",480,90,100,60,90,60,80,3,"False"
"Nirondelle","Normal","Vol",270,40,55,30,30,30,85,3,"False"
"Hélédelle","Normal","Vol",430,60,85,60,50,50,125,3,"False"
"Goélise","Eau","Vol",270,40,30,30,55,30,85,3,"False"
"Bekipan","Eau","Vol",430,60,50,100,85,70,65,3,"False"
"Tarsal","Psy","Fée",198,28,25,25,45,35,40,3,"False"
"Kirlia","Psy","Fée",278,38,35,35,65,55,50,3,"False"
"Gardevoir","Psy","Fée",518,68,65,65,125,115,80,3,"False"
"Méga-Gardevoir","Psy","Fée",618,68,85,65,165,135,100,3,"False"
"Arakdo","Insecte","Eau",269,40,30,32,50,52,65,3,"False"
"Maskadra","Insecte","Vol",414,70,60,62,80,82,60,3,"False"
"Balignon","Plante",,295,60,40,60,40,60,35,3,"False"
"Chapignon","Plante","Combat",460,60,130,80,60,60,70,3,"False"
"Parecool","Normal",,280,60,60,60,35,35,30,3,"False"
"Vigoroth","Normal",,440,80,80,80,55,55,90,3,"False"
"Monaflèmit","Normal",,670,150,160,100,95,65,100,3,"False"
"Ningale","Insecte","Sol",266,31,45,90,30,30,40,3,"False"
"Ninjask","Insecte","Vol",456,61,90,45,50,50,160,3,"False"
"Munja","Insecte","Spectre",236,1,90,45,30,30,40,3,"False"
"Chuchmur","Normal",,240,64,51,23,51,23,28,3,"False"
"Ramboum","Normal",,360,84,71,43,71,43,48,3,"False"
"Brouhabam","Normal",,490,104,91,63,91,73,68,3,"False"
"Makuhita","Combat",,237,72,60,30,20,30,25,3,"False"
"Hariyama","Combat",,474,144,120,60,40,60,50,3,"False"
"Azurill","Normal","Fée",190,50,20,40,20,40,20,3,"False"
"Tarinor","Roche",,375,30,45,135,45,90,30,3,"False"
"Skitty","Normal",,260,50,45,45,35,35,50,3,"False"
"Delcatty","Normal",,380,70,65,65,55,55,70,3,"False"
"Ténéfix","Ténèbres","Spectre",380,50,75,75,65,65,50,3,"False"
"Méga-Ténéfix","Ténèbres","Spectre",480,50,85,125,85,115,20,3,"False"
"Mysdibule","Acier","Fée",380,50,85,85,55,55,50,3,"False"
"Méga-Mysdibule","Acier","Fée",480,50,105,125,55,95,50,3,"False"
"Galekid","Acier","Roche",330,50,70,100,40,40,30,3,"False"
"Galegon","Acier","Roche",430,60,90,140,50,50,40,3,"False"
"Galeking","Acier","Roche",530,70,110,180,60,60,50,3,"False"
"Méga-Galeking","Acier",,630,70,140,230,60,80,50,3,"False"
"Méditikka","Combat","Psy",280,30,40,55,40,55,60,3,"False"
"Charmina","Combat","Psy",410,60,60,75,60,75,80,3,"False"
"Méga-Charmina","Combat","Psy",510,60,100,85,80,85,100,3,"False"
"Dynavolt","Electrik",,295,40,45,40,65,40,65,3,"False"
"Élecsprint","Electrik",,475,70,75,60,105,60,105,3,"False"
"Méga-Élecsprint","Electrik",,575,70,75,80,135,80,135,3,"False"
"Posipi","Electrik",,405,60,50,40,85,75,95,3,"False"
"Négapi","Electrik",,405,60,40,50,75,85,95,3,"False"
"Muciole","Insecte",,400,65,73,55,47,75,85,3,"False"
"Lumivole","Insecte",,400,65,47,55,73,75,85,3,"False"
"Rosélia","Plante","Poison",400,50,60,45,100,80,65,3,"False"
"Gloupti","Poison",,302,70,43,53,43,53,40,3,"False"
"Avaltout","Poison",,467,100,73,83,73,83,55,3,"False"
"Carvanha","Eau","Ténèbres",305,45,90,20,65,20,65,3,"False"
"Sharpedo","Eau","Ténèbres",460,70,120,40,95,40,95,3,"False"
"Méga-Sharpedo","Eau","Ténèbres",560,70,140,70,110,65,105,3,"False"
"Wailmer","Eau",,400,130,70,35,70,35,60,3,"False"
"Wailord","Eau",,500,170,90,45,90,45,60,3,"False"
"Chamallot","Feu","Sol",305,60,60,40,65,45,35,3,"False"
"Camérupt","Feu","Sol",460,70,100,70,105,75,40,3,"False"
"Méga-Camérupt","Feu","Sol",560,70,120,100,145,105,20,3,"False"
"Chartor","Feu",,470,70,85,140,85,70,20,3,"False"
"Spoink","Psy",,330,60,25,35,70,80,60,3,"False"
"Groret","Psy",,470,80,45,65,90,110,80,3,"False"
"Spinda","Normal",,360,60,60,60,60,60,60,3,"False"
"Kraknoix","Sol",,290,45,100,45,45,45,10,3,"False"
"Vibraninf","Sol","Dragon",340,50,70,50,50,50,70,3,"False"
"Libégon","Sol","Dragon",520,80,100,80,80,80,100,3,"False"
"Cacnea","Plante",,335,50,85,40,85,40,35,3,"False"
"Cacturne","Plante","Ténèbres",475,70,115,60,115,60,55,3,"False"
"Tylton","Normal","Vol",310,45,40,60,40,75,50,3,"False"
"Altaria","Dragon","Vol",490,75,70,90,70,105,80,3,"False"
"Méga-Altaria","Dragon","Fée",590,75,110,110,110,105,80,3,"False"
"Mangriff","Normal",,458,73,115,60,60,60,90,3,"False"
"Séviper","Poison",,458,73,100,60,100,60,65,3,"False"
"Séléroc","Roche","Psy",440,70,55,65,95,85,70,3,"False"
"Solaroc","Roche","Psy",440,70,95,85,55,65,70,3,"False"
"Barloche","Eau","Sol",288,50,48,43,46,41,60,3,"False"
"Barbicha","Eau","Sol",468,110,78,73,76,71,60,3,"False"
"Écrapince","Eau",,308,43,80,65,50,35,35,3,"False"
"Colhomard","Eau","Ténèbres",468,63,120,85,90,55,55,3,"False"
"Balbuto","Sol","Psy",300,40,40,55,40,70,55,3,"False"
"Kaorine","Sol","Psy",500,60,70,105,70,120,75,3,"False"
"Lilia","Roche","Plante",355,66,41,77,61,87,23,3,"False"
"Vacilys","Roche","Plante",495,86,81,97,81,107,43,3,"False"
"Anorith","Roche","Insecte",355,45,95,50,40,50,75,3,"False"
"Armaldo","Roche","Insecte",495,75,125,100,70,80,45,3,"False"
"Barpau","Eau",,200,20,15,20,10,55,80,3,"False"
"Milobellus","Eau",,540,95,60,79,100,125,81,3,"False"
"Morphéo","Normal",,420,70,70,70,70,70,70,3,"False"
"Kecleon","Normal",,440,60,90,70,60,120,40,3,"False"
"Polichombr","Spectre",,295,44,75,35,63,33,45,3,"False"
"Branette","Spectre",,455,64,115,65,83,63,65,3,"False"
"Méga-Branette","Spectre",,555,64,165,75,93,83,75,3,"False"
"Skelénox","Spectre",,295,20,40,90,30,90,25,3,"False"
"Téraclope","Spectre",,455,40,70,130,60,130,25,3,"False"
"Tropius","Plante","Vol",460,99,68,83,72,87,51,3,"False"
"Éoko","Psy",,425,65,50,70,95,80,65,3,"False"
"Absol","Ténèbres",,465,65,130,60,75,60,75,3,"False"
"Méga-Absol","Ténèbres",,565,65,150,60,115,60,115,3,"False"
"Okéoké","Psy",,260,95,23,48,23,48,23,3,"False"
"Stalgamin","Glace",,300,50,50,50,50,50,50,3,"False"
"Oniglali","Glace",,480,80,80,80,80,80,80,3,"False"
"Méga-Oniglali","Glace",,580,80,120,80,120,80,100,3,"False"
"Obalie","Glace","Eau",290,70,40,50,55,50,25,3,"False"
"Phogleur","Glace","Eau",410,90,60,70,75,70,45,3,"False"
"Kaimorse","Glace","Eau",530,110,80,90,95,90,65,3,"False"
"Coquiperl","Eau",,345,35,64,85,74,55,32,3,"False"
"Serpang","Eau",,485,55,104,105,94,75,52,3,"False"
"Rosabyss","Eau",,485,55,84,105,114,75,52,3,"False"
"Relicanth","Eau","Roche",485,100,90,130,45,65,55,3,"False"
"Lovdisc","Eau",,330,43,30,55,40,65,97,3,"False"
"Draby","Dragon",,300,45,75,60,40,30,50,3,"False"
"Drackhaus","Dragon",,420,65,95,100,60,50,50,3,"False"
"Drattak","Dragon","Vol",600,95,135,80,110,80,100,3,"False"
"Méga-Drattak","Dragon","Vol",700,95,145,130,120,90,120,3,"False"
"Terhal","Acier","Psy",300,40,55,80,35,60,30,3,"False"
"Métang","Acier","Psy",420,60,75,100,55,80,50,3,"False"
"Métalosse","Acier","Psy",600,80,135,130,95,90,70,3,"False"
"Méga-Métalosse","Acier","Psy",700,80,145,150,105,110,110,3,"False"
"RegiRoche","Roche",,580,80,100,200,50,100,50,3,"True"
"RegGlace","Glace",,580,80,50,100,100,200,50,3,"True"
"RegiAcier","Acier",,580,80,75,150,75,150,50,3,"True"
"Latias","Dragon","Psy",600,80,80,90,110,130,110,3,"True"
"Méga-Latias","Dragon","Psy",700,80,100,120,140,150,110,3,"True"
"Latios","Dragon","Psy",600,80,90,80,130,110,110,3,"True"
"Méga-Latios","Dragon","Psy",700,80,130,100,160,120,110,3,"True"
"Kyogre","Eau",,670,100,100,90,150,140,90,3,"True"
"Primo-Kyogre","Eau",,770,100,150,90,180,160,90,3,"True"
"Groudon","Sol",,670,100,150,140,100,90,90,3,"True"
"Primo-Groudon","Sol","Feu",770,100,180,160,150,90,90,3,"True"
"Rayquaza","Dragon","Vol",680,105,150,90,150,90,95,3,"True"
"Méga-Rayquaza","Dragon","Vol",780,105,180,100,180,100,115,3,"True"
"Jirachi","Acier","Psy",600,100,100,100,100,100,100,3,"True"
"Deoxys
(Forme de Base)","Psy",,600,50,150,50,150,50,150,3,"True"
"Deoxys
(Forme Attaque)","Psy",,600,50,180,20,180,20,150,3,"True"
"Deoxys
(Forme Défense)","Psy",,600,50,70,160,70,160,90,3,"True"
"Deoxys
(Forme Vitesse)","Psy",,600,50,95,90,95,90,180,3,"True"
"Tortipouss","Plante",,318,55,68,64,45,55,31,4,"False"
"Boskara","Plante",,405,75,89,85,55,65,36,4,"False"
"Torterra","Plante","Sol",525,95,109,105,75,85,56,4,"False"
"Ouisticram","Feu",,309,44,58,44,58,44,61,4,"False"
"Chimpenfeu","Feu","Combat",405,64,78,52,78,52,81,4,"False"
"Simiabraz","Feu","Combat",534,76,104,71,104,71,108,4,"False"
"Tiplouf","Eau",,314,53,51,53,61,56,40,4,"False"
"Prinplouf","Eau",,405,64,66,68,81,76,50,4,"False"
"Pingoléon","Eau","Acier",530,84,86,88,111,101,60,4,"False"
"Étourmi","Normal","Vol",245,40,55,30,30,30,60,4,"False"
"Étourvol","Normal","Vol",340,55,75,50,40,40,80,4,"False"
"Étouraptor","Normal","Vol",485,85,120,70,50,60,100,4,"False"
"Keunotor","Normal",,250,59,45,40,35,40,31,4,"False"
"Castorno","Normal","Eau",410,79,85,60,55,60,71,4,"False"
"Crikzik","Insecte",,194,37,25,41,25,41,25,4,"False"
"Mélokrik","Insecte",,384,77,85,51,55,51,65,4,"False"
"Lixy","Electrik",,263,45,65,34,40,34,45,4,"False"
"Luxio","Electrik",,363,60,85,49,60,49,60,4,"False"
"Luxray","Electrik",,523,80,120,79,95,79,70,4,"False"
"Rozbouton","Plante","Poison",280,40,30,35,50,70,55,4,"False"
"Roserade","Plante","Poison",515,60,70,65,125,105,90,4,"False"
"Kranidos","Roche",,350,67,125,40,30,30,58,4,"False"
"Charkos","Roche",,495,97,165,60,65,50,58,4,"False"
"Dinoclier","Roche","Acier",350,30,42,118,42,88,30,4,"False"
"Bastiodon","Roche","Acier",495,60,52,168,47,138,30,4,"False"
"Cheniti","Insecte",,224,40,29,45,29,45,36,4,"False"
"Cheniselle
(Cape Plante)","Insecte","Plante",424,60,59,85,79,105,36,4,"False"
"Cheniselle
(Cape Sol)","Insecte","Sol",424,60,79,105,59,85,36,4,"False"
"Cheniselle
(Cape Déchet)","Insecte","Acier",424,60,69,95,69,95,36,4,"False"
"Papilord","Insecte","Vol",424,70,94,50,94,50,66,4,"False"
"Apitrini","Insecte","Vol",244,30,30,42,30,42,70,4,"False"
"Apireine","Insecte","Vol",474,70,80,102,80,102,40,4,"False"
"Pachirisu","Electrik",,405,60,45,70,45,90,95,4,"False"
"Mustébouée","Eau",,330,55,65,35,60,30,85,4,"False"
"Mustéflott","Eau",,495,85,105,55,85,50,115,4,"False"
"Ceribou","Plante",,275,45,35,45,62,53,35,4,"False"
"Ceriflor","Plante",,450,70,60,70,87,78,85,4,"False"
"Sancoki","Eau",,325,76,48,48,57,62,34,4,"False"
"Tritosor","Eau","Sol",475,111,83,68,92,82,39,4,"False"
"Capidextre","Normal",,482,75,100,66,60,66,115,4,"False"
"Baudrive","Spectre","Vol",348,90,50,34,60,44,70,4,"False"
"Grodrive","Spectre","Vol",498,150,80,44,90,54,80,4,"False"
"Laporeille","Normal",,350,55,66,44,44,56,85,4,"False"
"Lockpin","Normal",,480,65,76,84,54,96,105,4,"False"
"Méga-Lockpin","Normal","Combat",580,65,136,94,54,96,135,4,"False"
"Magirêve","Spectre",,495,60,60,60,105,105,105,4,"False"
"Corboss","Ténèbres","Vol",505,100,125,52,105,52,71,4,"False"
"Chaglam","Normal",,310,49,55,42,42,37,85,4,"False"
"Chaffreux","Normal",,452,71,82,64,64,59,112,4,"False"
"Korillon","Psy",,285,45,30,50,65,50,45,4,"False"
"Moufouette","Poison","Ténèbres",329,63,63,47,41,41,74,4,"False"
"Moufflair","Poison","Ténèbres",479,103,93,67,71,61,84,4,"False"
"Archéomire","Acier","Psy",300,57,24,86,24,86,23,4,"False"
"Archéodong","Acier","Psy",500,67,89,116,79,116,33,4,"False"
"Manzaï","Roche",,290,50,80,95,10,45,10,4,"False"
"Mime Jr.","Psy","Fée",310,20,25,45,70,90,60,4,"False"
"Ptiravi","Normal",,220,100,5,5,15,65,30,4,"False"
"Pijako","Normal","Vol",411,76,65,45,92,42,91,4,"False"
"Spiritomb","Spectre","Ténèbres",485,50,92,108,92,108,35,4,"False"
"Griknot","Dragon","Sol",300,58,70,45,40,45,42,4,"False"
"Carmache","Dragon","Sol",410,68,90,65,50,55,82,4,"False"
"Carchacrok","Dragon","Sol",600,108,130,95,80,85,102,4,"False"
"Méga-Carchacrok","Dragon","Sol",700,108,170,115,120,95,92,4,"False"
"Goinfrex","Normal",,390,135,85,40,40,85,5,4,"False"
"Riolu","Combat",,285,40,70,40,35,40,60,4,"False"
"Lucario","Combat","Acier",525,70,110,70,115,70,90,4,"False"
"Méga-Lucario","Combat","Acier",625,70,145,88,140,70,112,4,"False"
"Hippopotas","Sol",,330,68,72,78,38,42,32,4,"False"
"Hippodocus","Sol",,525,108,112,118,68,72,47,4,"False"
"Rapion","Poison","Insecte",330,40,50,90,30,55,65,4,"False"
"Drascore","Poison","Ténèbres",500,70,90,110,60,75,95,4,"False"
"Cradopaud","Poison","Combat",300,48,61,40,61,40,50,4,"False"
"Coatox","Poison","Combat",490,83,106,65,86,65,85,4,"False"
"Vortente","Plante",,454,74,100,72,90,72,46,4,"False"
"Écayon","Eau",,330,49,49,56,49,61,66,4,"False"
"Luminéon","Eau",,460,69,69,76,69,86,91,4,"False"
"Babimanta","Eau","Vol",345,45,20,50,60,120,50,4,"False"
"Blizzi","Plante","Glace",334,60,62,50,62,60,40,4,"False"
"Blizzaroi","Plante","Glace",494,90,92,75,92,85,60,4,"False"
"Méga-Blizzaroi","Plante","Glace",594,90,132,105,132,105,30,4,"False"
"Dimoret","Ténèbres","Glace",510,70,120,65,45,85,125,4,"False"
"Magnézone","Electrik","Acier",535,70,70,115,130,90,60,4,"False"
"Coudlangue","Normal",,515,110,85,95,80,95,50,4,"False"
"Rhinastoc","Sol","Roche",535,115,140,130,55,55,40,4,"False"
"Bouldeneu","Plante",,535,100,100,125,110,50,50,4,"False"
"Élekable","Electrik",,540,75,123,67,95,85,95,4,"False"
"Maganon","Feu",,540,75,95,67,125,95,83,4,"False"
"Togekiss","Fée","Vol",545,85,50,95,120,115,80,4,"False"
"Yanmega","Insecte","Vol",515,86,76,86,116,56,95,4,"False"
"Phyllali","Plante",,525,65,110,130,60,65,95,4,"False"
"Givrali","Glace",,525,65,60,110,130,95,65,4,"False"
"Scorvol","Sol","Vol",510,75,95,125,45,75,95,4,"False"
"Mammochon","Glace","Sol",530,110,130,80,70,60,80,4,"False"
"Porygon-Z","Normal",,535,85,80,70,135,75,90,4,"False"
"Gallame","Psy","Combat",518,68,125,65,65,115,80,4,"False"
"Méga-Gallame","Psy","Combat",618,68,165,95,65,115,110,4,"False"
"Tarinorme","Roche","Acier",525,60,55,145,75,150,40,4,"False"
"Noctunoir","Spectre",,525,45,100,135,65,135,45,4,"False"
"Momartik","Glace","Spectre",480,70,80,70,80,70,110,4,"False"
"Motisma
(Forme Normale)","Electrik","Spectre",440,50,50,77,95,77,91,4,"False"
"Motisma
(Forme Chaleur)","Electrik","Feu",520,50,65,107,105,107,86,4,"False"
"Motisma
(Forme Lavage)","Electrik","Eau",520,50,65,107,105,107,86,4,"False"
"Motisma
(Forme Froid)","Electrik","Glace",520,50,65,107,105,107,86,4,"False"
"Motisma
(Forme Tonte)","Electrik","Vol",520,50,65,107,105,107,86,4,"False"
"Motisma
(Forme HélGlace)","Electrik","Plante",520,50,65,107,105,107,86,4,"False"
"Créhelf","Psy",,580,75,75,130,75,130,95,4,"True"
"Créfollet","Psy",,580,80,105,105,105,105,80,4,"True"
"Créfadet","Psy",,580,75,125,70,125,70,115,4,"True"
"Dialga","Acier","Dragon",680,100,120,120,150,100,90,4,"True"
"Palkia","Eau","Dragon",680,90,120,100,150,120,100,4,"True"
"Heatran","Feu","Acier",600,91,90,106,130,106,77,4,"True"
"Regigigas","Normal",,670,110,160,110,80,110,100,4,"True"
"Giratina
(Forme Alternative)","Spectre","Dragon",680,150,100,120,100,120,90,4,"True"
"Giratina
(Forme Originelle)","Spectre","Dragon",680,150,120,100,120,100,90,4,"True"
"Cresselia","Psy",,600,120,70,120,75,130,85,4,"False"
"Phione","Eau",,480,80,80,80,80,80,80,4,"False"
"Manaphy","Eau",,600,100,100,100,100,100,100,4,"False"
"Darkrai","Ténèbres",,600,70,90,90,135,90,125,4,"True"
"Shaymin
(Forme Terrestre)","Plante",,600,100,100,100,100,100,100,4,"True"
"Shaymin
(Forme Céleste)","Plante","Vol",600,100,103,75,120,75,127,4,"True"
"Arceus","Normal",,720,120,120,120,120,120,120,4,"True"
"Victini","Psy","Feu",600,100,100,100,100,100,100,5,"True"
"Vipélierre","Plante",,308,45,45,55,45,55,63,5,"False"
"Lianaja","Plante",,413,60,60,75,60,75,83,5,"False"
"Majaspic","Plante",,528,75,75,95,75,95,113,5,"False"
"Gruikui","Feu",,308,65,63,45,45,45,45,5,"False"
"Grotichon","Feu","Combat",418,90,93,55,70,55,55,5,"False"
"Roitiflam","Feu","Combat",528,110,123,65,100,65,65,5,"False"
"Moustillon","Eau",,308,55,55,45,63,45,45,5,"False"
"Mateloutre","Eau",,413,75,75,60,83,60,60,5,"False"
"Clamiral","Eau",,528,95,100,85,108,70,70,5,"False"
"Ratentif","Normal",,255,45,55,39,35,39,42,5,"False"
"Miradar","Normal",,420,60,85,69,60,69,77,5,"False"
"Ponchiot","Normal",,275,45,60,45,25,45,55,5,"False"
"Ponchien","Normal",,370,65,80,65,35,65,60,5,"False"
"Mastouffe","Normal",,500,85,110,90,45,90,80,5,"False"
"Chacripan","Ténèbres",,281,41,50,37,50,37,66,5,"False"
"Léopardus","Ténèbres",,446,64,88,50,88,50,106,5,"False"
"Feuillajou","Plante",,316,50,53,48,53,48,64,5,"False"
"Feuiloutan","Plante",,498,75,98,63,98,63,101,5,"False"
"Flamajou","Feu",,316,50,53,48,53,48,64,5,"False"
"Flamoutan","Feu",,498,75,98,63,98,63,101,5,"False"
"Flotajou","Eau",,316,50,53,48,53,48,64,5,"False"
"Flotoutan","Eau",,498,75,98,63,98,63,101,5,"False"
"Munna","Psy",,292,76,25,45,67,55,24,5,"False"
"Mushana","Psy",,487,116,55,85,107,95,29,5,"False"
"Poichigeon","Normal","Vol",264,50,55,50,36,30,43,5,"False"
"Colombeau","Normal","Vol",358,62,77,62,50,42,65,5,"False"
"Déflaisan","Normal","Vol",488,80,115,80,65,55,93,5,"False"
"Zébibron","Electrik",,295,45,60,32,50,32,76,5,"False"
"Zéblitz","Electrik",,497,75,100,63,80,63,116,5,"False"
"Nodulithe","Roche",,280,55,75,85,25,25,15,5,"False"
"Géolithe","Roche",,390,70,105,105,50,40,20,5,"False"
"Gigalithe","Roche",,515,85,135,130,60,80,25,5,"False"
"Chovsourir","Psy","Vol",313,55,45,43,55,43,72,5,"False"
"Rhinolove","Psy","Vol",425,67,57,55,77,55,114,5,"False"
"Rototaupe","Sol",,328,60,85,40,30,45,68,5,"False"
"Minotaupe","Sol","Acier",508,110,135,60,50,65,88,5,"False"
"Nanméouïe","Normal",,445,103,60,86,60,86,50,5,"False"
"Méga-Nanméouïe","Normal","Fée",545,103,60,126,80,126,50,5,"False"
"Charpenti","Combat",,305,75,80,55,25,35,35,5,"False"
"Ouvrifier","Combat",,405,85,105,85,40,50,40,5,"False"
"Bétochef","Combat",,505,105,140,95,55,65,45,5,"False"
"Tritonde","Eau",,294,50,50,40,50,40,64,5,"False"
"Batracné","Eau","Sol",384,75,65,55,65,55,69,5,"False"
"Crapustule","Eau","Sol",509,105,95,75,85,75,74,5,"False"
"Judokrak","Combat",,465,120,100,85,30,85,45,5,"False"
"Karaclée","Combat",,465,75,125,75,30,75,85,5,"False"
"Larveyette","Insecte","Plante",310,45,53,70,40,60,42,5,"False"
"Couverdure","Insecte","Plante",380,55,63,90,50,80,42,5,"False"
"Manternel","Insecte","Plante",500,75,103,80,70,80,92,5,"False"
"Venipatte","Insecte","Poison",260,30,45,59,30,39,57,5,"False"
"Scobolide","Insecte","Poison",360,40,55,99,40,79,47,5,"False"
"Brutapode","Insecte","Poison",485,60,100,89,55,69,112,5,"False"
"Doudouvet","Plante","Fée",280,40,27,60,37,50,66,5,"False"
"Farfaduvet","Plante","Fée",480,60,67,85,77,75,116,5,"False"
"Chlorobule","Plante",,280,45,35,50,70,50,30,5,"False"
"Fragilady","Plante",,480,70,60,75,110,75,90,5,"False"
"Bargantua","Eau",,460,70,92,65,80,55,98,5,"False"
"Mascaïman","Sol","Ténèbres",292,50,72,35,35,35,65,5,"False"
"Escroco","Sol","Ténèbres",351,60,82,45,45,45,74,5,"False"
"Crocorible","Sol","Ténèbres",519,95,117,80,65,70,92,5,"False"
"Darumarond","Feu",,315,70,90,45,15,45,50,5,"False"
"Darumacho
(Mode Normal)","Feu",,480,105,140,55,30,55,95,5,"False"
"Darumacho
(Mode Daruma)","Feu","Psy",540,105,30,105,140,105,55,5,"False"
"Maracachi","Plante",,461,75,86,67,106,67,60,5,"False"
"Crabicoque","Insecte","Roche",325,50,65,85,35,35,55,5,"False"
"Crabaraque","Insecte","Roche",475,70,95,125,65,75,45,5,"False"
"Baggiguane","Ténèbres","Combat",348,50,75,70,35,70,48,5,"False"
"Baggaïd","Ténèbres","Combat",488,65,90,115,45,115,58,5,"False"
"Cryptéro","Psy","Vol",490,72,58,80,103,80,97,5,"False"
"Tutafeh","Spectre",,303,38,30,85,55,65,30,5,"False"
"Tutankafer","Spectre",,483,58,50,145,95,105,30,5,"False"
"Carapagos","Eau","Roche",355,54,78,103,53,45,22,5,"False"
"Mégapagos","Eau","Roche",495,74,108,133,83,65,32,5,"False"
"Arkéapti","Roche","Vol",401,55,112,45,74,45,70,5,"False"
"Aéroptéryx","Roche","Vol",567,75,140,65,112,65,110,5,"False"
"Miamiasme","Poison",,329,50,50,62,40,62,65,5,"False"
"Miasmax","Poison",,474,80,95,82,60,82,75,5,"False"
"Zorua","Ténèbres",,330,40,65,40,80,40,65,5,"False"
"Zoroark","Ténèbres",,510,60,105,60,120,60,105,5,"False"
"Chinchidou","Normal",,300,55,50,40,40,40,75,5,"False"
"Pashmilla","Normal",,470,75,95,60,65,60,115,5,"False"
"Scrutella","Psy",,290,45,30,50,55,65,45,5,"False"
"Mesmérella","Psy",,390,60,45,70,75,85,55,5,"False"
"Sidérella","Psy",,490,70,55,95,95,110,65,5,"False"
"Nucléos","Psy",,290,45,30,40,105,50,20,5,"False"
"Méios","Psy",,370,65,40,50,125,60,30,5,"False"
"Symbios","Psy",,490,110,65,75,125,85,30,5,"False"
"Couaneton","Eau","Vol",305,62,44,50,44,50,55,5,"False"
"Lakmécygne","Eau","Vol",473,75,87,63,87,63,98,5,"False"
"Sorbébé","Glace",,305,36,50,50,65,60,44,5,"False"
"Sorboul","Glace",,395,51,65,65,80,75,59,5,"False"
"Sorbouboul","Glace",,535,71,95,85,110,95,79,5,"False"
"Vivaldaim","Normal","Plante",335,60,60,50,40,50,75,5,"False"
"Haydaim","Normal","Plante",475,80,100,70,60,70,95,5,"False"
"Emolga","Electrik","Vol",428,55,75,60,75,60,103,5,"False"
"Carabing","Insecte",,315,50,75,45,40,45,60,5,"False"
"Lançargot","Insecte","Acier",495,70,135,105,60,105,20,5,"False"
"Trompignon","Plante","Poison",294,69,55,45,55,55,15,5,"False"
"Gaulet","Plante","Poison",464,114,85,70,85,80,30,5,"False"
"Viskuse","Eau","Spectre",335,55,40,50,65,85,40,5,"False"
"Moyade","Eau","Spectre",480,100,60,70,85,105,60,5,"False"
"Mamanbo","Eau",,470,165,75,80,40,45,65,5,"False"
"Statitik","Insecte","Electrik",319,50,47,50,57,50,65,5,"False"
"Mygavolt","Insecte","Electrik",472,70,77,60,97,60,108,5,"False"
"Grindur","Plante","Acier",305,44,50,91,24,86,10,5,"False"
"Noacier","Plante","Acier",489,74,94,131,54,116,20,5,"False"
"Tic","Acier",,300,40,55,70,45,60,30,5,"False"
"Clic","Acier",,440,60,80,95,70,85,50,5,"False"
"Cliticlic","Acier",,520,60,100,115,70,85,90,5,"False"
"Anchwatt","Electrik",,275,35,55,40,45,40,60,5,"False"
"Lampéroie","Electrik",,405,65,85,70,75,70,40,5,"False"
"Ohmassacre","Electrik",,515,85,115,80,105,80,50,5,"False"
"Lewsor","Psy",,335,55,55,55,85,55,30,5,"False"
"Neitram","Psy",,485,75,75,75,125,95,40,5,"False"
"Funécire","Spectre","Feu",275,50,30,55,65,55,20,5,"False"
"Mélancolux","Spectre","Feu",370,60,40,60,95,60,55,5,"False"
"Lugulabre","Spectre","Feu",520,60,55,90,145,90,80,5,"False"
"Coupenotte","Dragon",,320,46,87,60,30,40,57,5,"False"
"Incisache","Dragon",,410,66,117,70,40,50,67,5,"False"
"Tranchodon","Dragon",,540,76,147,90,60,70,97,5,"False"
"Polarhume","Glace",,305,55,70,40,60,40,40,5,"False"
"Polagriffe","Glace",,485,95,110,80,70,80,50,5,"False"
"Hexagel","Glace",,485,70,50,30,95,135,105,5,"False"
"Escargaume","Insecte",,305,50,40,85,40,65,25,5,"False"
"Limaspeed","Insecte",,495,80,70,40,100,60,145,5,"False"
"Limonde","Sol","Electrik",471,109,66,84,81,99,32,5,"False"
"Kungfouine","Combat",,350,45,85,50,55,50,65,5,"False"
"Shaofouine","Combat",,510,65,125,60,95,60,105,5,"False"
"Drakkarmin","Dragon",,485,77,120,90,60,90,48,5,"False"
"Gringolem","Sol","Spectre",303,59,74,50,35,50,35,5,"False"
"Golemastoc","Sol","Spectre",483,89,124,80,55,80,55,5,"False"
"Scalpion","Ténèbres","Acier",340,45,85,70,40,40,60,5,"False"
"Scalproie","Ténèbres","Acier",490,65,125,100,60,70,70,5,"False"
"Frison","Normal",,490,95,110,95,40,95,55,5,"False"
"Furaiglon","Normal","Vol",350,70,83,50,37,50,60,5,"False"
"Gueriaigle","Normal","Vol",510,100,123,75,57,75,80,5,"False"
"Vostourno","Ténèbres","Vol",370,70,55,75,45,65,60,5,"False"
"VaututrGlace","Ténèbres","Vol",510,110,65,105,55,95,80,5,"False"
"Aflamanoir","Feu",,484,85,97,66,105,66,65,5,"False"
"Fermite","Insecte","Acier",484,58,109,112,48,48,109,5,"False"
"Solochi","Ténèbres","Dragon",300,52,65,50,45,50,38,5,"False"
"Diamat","Ténèbres","Dragon",420,72,85,70,65,70,58,5,"False"
"Trioxhydre","Ténèbres","Dragon",600,92,105,90,125,90,98,5,"False"
"Pyronille","Insecte","Feu",360,55,85,55,50,55,60,5,"False"
"Pyrax","Insecte","Feu",550,85,60,65,135,105,100,5,"False"
"Cobaltium","Acier","Combat",580,91,90,129,90,72,108,5,"True"
"Terrakium","Roche","Combat",580,91,129,90,72,90,108,5,"True"
"Viridium","Plante","Combat",580,91,90,72,90,129,108,5,"True"
"Boréas
(Forme Avatar)","Vol",,580,79,115,70,125,80,111,5,"True"
"Boréas
(Forme Totémique)","Vol",,580,79,100,80,110,90,121,5,"True"
"Fulguris
(Forme Avatar)","Electrik","Vol",580,79,115,70,125,80,111,5,"True"
"Fulguris
(Forme Totémique)","Electrik","Vol",580,79,105,70,145,80,101,5,"True"
"Reshiram","Dragon","Feu",680,100,120,100,150,120,90,5,"True"
"Zekrom","Dragon","Electrik",680,100,150,120,120,100,90,5,"True"
"Démétéros
(Forme Avatar)","Sol","Vol",600,89,125,90,115,80,101,5,"True"
"Démétéros
(Forme Totémique)","Sol","Vol",600,89,145,90,105,80,91,5,"True"
"Kyurem","Dragon","Glace",660,125,130,90,130,90,95,5,"True"
"Kyurem Noir","Dragon","Glace",700,125,170,100,120,90,95,5,"True"
"Kyurem Blanc","Dragon","Glace",700,125,120,90,170,100,95,5,"True"
"Keldeo","Eau","Combat",580,91,72,90,129,90,108,5,"False"
"Meloetta
(Forme Voix)","Normal","Psy",600,100,77,77,128,128,90,5,"False"
"Meloetta
(Forme Danse)","Normal","Combat",600,100,128,90,77,77,128,5,"False"
"Genesect","Insecte","Acier",600,71,120,95,120,95,99,5,"False"
"Marisson","Plante",,313,56,61,65,48,45,38,6,"False"
"Boguérisse","Plante",,405,61,78,95,56,58,57,6,"False"
"Blindépique","Plante","Combat",530,88,107,122,74,75,64,6,"False"
"Feunnec","Feu",,307,40,45,40,62,60,60,6,"False"
"Roussil","Feu",,409,59,59,58,90,70,73,6,"False"
"Goupelin","Feu","Psy",534,75,69,72,114,100,104,6,"False"
"Grenousse","Eau",,314,41,56,40,62,44,71,6,"False"
"Croâporal","Eau",,405,54,63,52,83,56,97,6,"False"
"Amphinobi","Eau","Ténèbres",530,72,95,67,103,71,122,6,"False"
"Sapereau","Normal",,237,38,36,38,32,36,57,6,"False"
"Excavarenne","Normal","Sol",423,85,56,77,50,77,78,6,"False"
"Passerouge","Normal","Vol",278,45,50,43,40,38,62,6,"False"
"Braisillon","Feu","Vol",382,62,73,55,56,52,84,6,"False"
"Flambusard","Feu","Vol",499,78,81,71,74,69,126,6,"False"
"Lépidonille","Insecte",,200,38,35,40,27,25,35,6,"False"
"Pérégrain","Insecte",,213,45,22,60,27,30,29,6,"False"
"Prismillon","Insecte","Vol",411,80,52,50,90,50,89,6,"False"
"Hélionceau","Feu","Normal",369,62,50,58,73,54,72,6,"False"
"Némélios","Feu","Normal",507,86,68,72,109,66,106,6,"False"
"Flabébé","Fée",,303,44,38,39,61,79,42,6,"False"
"Floette","Fée",,371,54,45,47,75,98,52,6,"False"
"Florges","Fée",,552,78,65,68,112,154,75,6,"False"
"Cabriolaine","Plante",,350,66,65,48,62,57,52,6,"False"
"Chevroum","Plante",,531,123,100,62,97,81,68,6,"False"
"Pandespiègle","Combat",,348,67,82,62,46,48,43,6,"False"
"Pandarbare","Combat","Ténèbres",495,95,124,78,69,71,58,6,"False"
"Couafarel","Normal",,472,75,80,60,65,90,102,6,"False"
"Psystigri","Psy",,355,62,48,54,63,60,68,6,"False"
"Mistigrix","Psy",,466,74,48,76,83,81,104,6,"False"
"Monorpale","Acier","Spectre",325,45,80,100,35,37,28,6,"False"
"Dimoclès","Acier","Spectre",448,59,110,150,45,49,35,6,"False"
"Exagide
(Forme Assaut)","Acier","Spectre",520,60,150,50,150,50,60,6,"False"
"Exagide
(Forme Parade)","Acier","Spectre",520,60,50,150,50,150,60,6,"False"
"Fluvetin","Fée",,341,78,52,60,63,65,23,6,"False"
"Cocotine","Fée",,462,101,72,72,99,89,29,6,"False"
"Sucroquin","Fée",,341,62,48,66,59,57,49,6,"False"
"Cupcanaille","Fée",,480,82,80,86,85,75,72,6,"False"
"Sepiatop","Ténèbres","Psy",288,53,54,53,37,46,45,6,"False"
"Sepiatroce","Ténèbres","Psy",482,86,92,88,68,75,73,6,"False"
"Opermine","Roche","Eau",306,42,52,67,39,56,50,6,"False"
"Golgopathe","Roche","Eau",500,72,105,115,54,86,68,6,"False"
"Venalgue","Poison","Eau",320,50,60,60,60,60,30,6,"False"
"Kravarech","Poison","Dragon",494,65,75,90,97,123,44,6,"False"
"Flingouste","Eau",,330,50,53,62,58,63,44,6,"False"
"Gamblast","Eau",,500,71,73,88,120,89,59,6,"False"
"Galvaran","Electrik","Normal",289,44,38,33,61,43,70,6,"False"
"Iguolta","Electrik","Normal",481,62,55,52,109,94,109,6,"False"
"Ptyranidur","Roche","Dragon",362,58,89,77,45,45,48,6,"False"
"Rexillius","Roche","Dragon",521,82,121,119,69,59,71,6,"False"
"Amagara","Roche","Glace",362,77,59,50,67,63,46,6,"False"
"Dragmara","Roche","Glace",521,123,77,72,99,92,58,6,"False"
"Nymphali","Fée",,525,95,65,65,110,130,60,6,"False"
"Brutalibré","Combat","Vol",500,78,92,75,74,63,118,6,"False"
"Dedenne","Electrik","Fée",431,67,58,57,81,67,101,6,"False"
"Strassie","Roche","Fée",500,50,50,150,50,150,50,6,"False"
"Mucuscule","Dragon",,300,45,50,35,55,75,40,6,"False"
"Colimucus","Dragon",,452,68,75,53,83,113,60,6,"False"
"Muplodocus","Dragon",,600,90,100,70,110,150,80,6,"False"
"Trousselin","Acier","Fée",470,57,80,91,80,87,75,6,"False"
"Brocélôme","Spectre","Plante",309,43,70,48,50,60,38,6,"False"
"Desséliande","Spectre","Plante",474,85,110,76,65,82,56,6,"False"
"Pitrouille
(Taille Mini)","Spectre","Plante",335,49,66,70,44,55,51,6,"False"
"Pitrouille
(Taille Normale)","Spectre","Plante",335,44,66,70,44,55,56,6,"False"
"Pitrouille
(Taille Maxi)","Spectre","Plante",335,54,66,70,44,55,46,6,"False"
"Pitrouille
(Taille Ultra)","Spectre","Plante",335,59,66,70,44,55,41,6,"False"
"Banshitrouye
(Taille Mini)","Spectre","Plante",494,65,90,122,58,75,84,6,"False"
"Banshitrouye
(Taille Normale)","Spectre","Plante",494,55,85,122,58,75,99,6,"False"
"Banshitrouye
(Taille Maxi)","Spectre","Plante",494,75,95,122,58,75,69,6,"False"
"Banshitrouye
(Taille Ultra)","Spectre","Plante",494,85,100,122,58,75,54,6,"False"
"Grelaçon","Glace",,304,55,69,85,32,35,28,6,"False"
"Séracrawl","Glace",,514,95,117,184,44,46,28,6,"False"
"Sonistrelle","Vol","Dragon",245,40,30,35,45,40,55,6,"False"
"Bruyverne","Vol","Dragon",535,85,70,80,97,80,123,6,"False"
"Xerneas","Fée",,680,126,131,95,131,98,99,6,"True"
"Yveltal","Ténèbres","Vol",680,126,131,95,131,98,99,6,"True"
"Zygarde
(Forme 50%)","Dragon","Sol",600,108,100,121,81,95,95,6,"True"
"Diancie","Roche","Fée",600,50,100,150,100,150,50,6,"True"
"Méga-Diancie","Roche","Fée",700,50,160,110,160,110,110,6,"True"
"Hoopa
(Forme Enchaînée)","Psy","Spectre",600,80,110,60,150,130,70,6,"True"
"Hoopa
(Forme Déchaînée)","Psy","Ténèbres",680,80,160,60,170,130,80,6,"True"
"Volcanion","Feu","Eau",600,80,110,120,130,90,70,6,"True"
